{
	"name": "hideWidgetFilter",
	"comment": "The NAME of the extension, specified above, is very important.",
	"schemaVersion": "2.0",
	"extensions": [{
		"perspective":"dashboard",
		"features": [ {
            "id": "com.ibm.dashboard.hideWidgetFilter",
			"collectionItems": [{
				"containerId": "com.ibm.bi.dashboard.content-features",
				"name": "hideWidgetFilter",
				"id": "dashboard.hideWidgetFilter",
				"class": "v1/ext/hideWidgetFilter/js/features/HideWidgetFilter",
				"dependencies":["Properties", "Dashboard.API"],
				"types": ["widget.live", "group"]
			},{
				"containerId": "com.ibm.bi.dashboard.features",
				"name": "hideWidgetDashboardProperty",
				"id": "dashboard.hideWidgetDashboardProperty",
				"class": "v1/ext/hideWidgetFilter/js/features/HideWidgetDashboardProperty",
				"dependencies":["Properties"]
			}]
		  }]
	}]
}