{
	"name":"covidFeatureDisabler",
	"schemaVersion": "1.0",
	"extensions": [{
		"perspective": "dashboard",
		"comment": "Hides some features for the public covid dashboard.",
		"features": [{
			"id": "com.ibm.bi.dashboard.covidFeatureDisabler",
			"excludeItems": [
				"com.ibm.bi.dashboard.features.changeVisTypeAction",
				"com.ibm.bi.dashboard.features.launchIntoExplore",
				"com.ibm.bi.dashboard.features.pinAction",
				"com.ibm.bi.dashboard.features.lassoSelectAction",
				"com.ibm.bi.dashboard.features.searchAction"

				
			],
			"collectionItems": [{
					"containerId": "com.ibm.bi.dashboard.features",
					"id": "com.ibm.bi.dashboard.features.covidFeatureDisabler",
					"name": "covidFeatureDisabler"
			}]
		}]
	}]
}
