{
	"name": "responsiveLayout",
	"comment": "The NAME of the extension, specified above, is very important.",
	"schemaVersion": "2.0",
	"extensions": [{
		"perspective":"dashboard",
		"features": [ {
			"id": "com.ibm.responsiveLayout",
			"cssStyles": ["v1/ext/responsiveLayout/css/responsiveLayout.css"],
			"collectionItems": [{
				"containerId": "com.ibm.bi.dashboard.content-features",
				"name": "ResponsiveLayout",
				"id": "com.ibm.bi.dashboard.content-features.ResponsiveLayout",
				"class": "v1/ext/responsiveLayout/js/features/ResponsiveLayout",
				"types":["tab"],
				"dependencies": [
					"Dashboard.internal",
					"Properties"]
			}]
		  }]
	}]
}
